﻿<xml xmlns="http://www.w3.org/1999/xhtml"><block type="base_setup" id="7%9B9#MXTGIw/b7G[rM*" x="113" y="-87"><statement name="DO"><block type="inout_pinMode" id="uJGdd9V(d:gZU#zCEwy{"><field name="MODE">INPUT</field><value name="PIN"><shadow type="pins_digital" id="^wCAJK[i4Q48R_/Iu7)@"><field name="PIN">2</field></shadow></value><next><block type="variables_declare" id="ei8Eku|a;,t]as-w7$5H"><field name="variables_type">global_variate</field><field name="VAR">item</field><field name="TYPE">char</field><next><block type="serial_begin" id="qbY{QoI`dM%g)FLNbo^H"><field name="serial_select">Serial</field><value name="CONTENT"><shadow type="math_number" id="n#BnNS,moNceH#m,Qsh8"><field name="NUM">9600</field></shadow></value></block></next></block></next></block></statement></block><block type="variables_set" id="Z+p]tNT@P04^nEI?cmVD" x="113" y="63"><field name="VAR">item</field><value name="VALUE"><block type="inout_digital_read2" id=":zN,s,`pupc:Z;0rH7vh"><value name="PIN"><shadow type="pins_digital" id="s!768{6b~pIkl$-e^Q,}"><field name="PIN">2</field></shadow></value></block></value><next><block type="controls_if" id="1)_}6aZjM#2oyNopm{r|"><mutation else="1"></mutation><value name="IF0"><block type="logic_compare" id="?@b%je[=SQ-K#SFd*k:@"><field name="OP">EQ</field><value name="A"><block type="variables_get" id="Ba_8tHPMT.d,Zd`BHQJ+"><field name="VAR">item</field></block></value><value name="B"><block type="math_number" id="P],:Qi@uwijooIJ+v-QG"><field name="NUM">0</field></block></value></block></value><statement name="DO0"><block type="serial_write" id="J=fxZ=7D(;;GVf8?Dy~Y"><field name="serial_select">Serial</field><value name="CONTENT"><block type="text_char" id="YQOg0,=96rMjjafIF$99"><field name="TEXT">a</field></block></value></block></statement><statement name="ELSE"><block type="serial_write" id="nnNnz-e3-o`/-ruG{7HA"><field name="serial_select">Serial</field><value name="CONTENT"><block type="text_char" id="Pe,9BB?0sR=1b,IRW{DE"><field name="TEXT">b</field></block></value></block></statement><next><block type="controls_delay" id="8aQ$XA{Sxyi+,98m;Y@S"><field name="UNIT">delay</field><value name="DELAY_TIME"><shadow type="math_number" id="SL)ZZ[a(}#u`Z]u(]1k1"><field name="NUM">100</field></shadow></value></block></next></block></next></block></xml>