﻿<xml xmlns="http://www.w3.org/1999/xhtml"><block type="base_setup" id="Q1AFK2+,6~;ood8VrZfB" x="88" y="-163"><statement name="DO"><block type="variables_declare" id="ht6Z!YX^HIkLdcIRjU!3"><field name="variables_type">global_variate</field><field name="VAR">receiveChar</field><field name="TYPE">char</field><next><block type="serial_begin" id="=,!7;f{?a%AK-A~Das@^"><field name="serial_select">Serial</field><value name="CONTENT"><shadow type="math_number" id="~oPwlX8%cx_*SsC6%_=v"><field name="NUM">9600</field></shadow></value><next><block type="inout_digital_write2_me" id="y2,9j/vc/`ojC3K-N3N."><value name="myDigitalPin"><shadow type="pins_digital" id="L8vo5*Hy~*yJ$s`h$rfI"><field name="PIN">2</field></shadow></value><value name="myDigitalPinState"><shadow type="inout_highlow" id="Ekx|QqXg*1%+~f[%7,wv"><field name="BOOL">HIGH</field></shadow></value></block></next></block></next></block></statement></block><block type="controls_if" id="VGK%g?vbMN$8WIL.C4NO" x="87" y="13"><value name="IF0"><block type="serial_available" id="?:$P9^EFWHlAAau*{XN%"><field name="serial_select">Serial</field></block></value><statement name="DO0"><block type="variables_set" id="O`xC5!)UZogFxz^(2qlV"><field name="VAR">receiveChar</field><value name="VALUE"><block type="serial_parseInt_Float" id="8JjFR`1,142y)]d)hOBm"><field name="serial_select">Serial</field><field name="STAT">read</field></block></value><next><block type="controls_if" id="*a~WF}o.]XIm/KKG(-kq"><mutation elseif="1"></mutation><value name="IF0"><block type="logic_compare" id="ish^}6OSfT5o;?5f:c4|"><field name="OP">EQ</field><value name="A"><block type="variables_get" id="%S^pFG!IoK8o[-o}8A71"><field name="VAR">receiveChar</field></block></value><value name="B"><block type="text_char" id="=4pyZHUT!Cbz05}Y*|yD"><field name="TEXT">a</field></block></value></block></value><statement name="DO0"><block type="inout_digital_write2_me" id="]OI~-sv*$i/D;k.SGT;6"><value name="myDigitalPin"><shadow type="pins_digital" id="1KIb|z3ycEZ2VN|_O#rC"><field name="PIN">2</field></shadow></value><value name="myDigitalPinState"><shadow type="inout_highlow" id="Vqh$v[wD4:IIDAhnSg)0"><field name="BOOL">HIGH</field></shadow></value><next><block type="serial_write" id="L.73m4q2Xq}9zE]7~H[p"><field name="serial_select">Serial</field><value name="CONTENT"><block type="text" id="mFT4eW`ah+:.*cTd;U%J"><field name="TEXT">The LED turn on</field></block></value></block></next></block></statement><value name="IF1"><block type="logic_compare" id="kB=D_io!eU#l7!LnI!m_"><field name="OP">EQ</field><value name="A"><block type="variables_get" id="m;62}`ZG4eRIHe@`6^,/"><field name="VAR">receiveChar</field></block></value><value name="B"><block type="text_char" id="{DWU[2c{H71]zErK0#RT"><field name="TEXT">b</field></block></value></block></value><statement name="DO1"><block type="inout_digital_write2_me" id="dvwK,Viho8izZrm(t3`?"><value name="myDigitalPin"><shadow type="pins_digital" id="MUK31cS}U[GK,J~0gG;^"><field name="PIN">2</field></shadow></value><value name="myDigitalPinState"><shadow type="inout_highlow" id="dic;dGPvs:}%.a7Be?op"><field name="BOOL">LOW</field></shadow></value><next><block type="serial_write" id="D+38X%#BK,Ijo/zaZX9L"><field name="serial_select">Serial</field><value name="CONTENT"><block type="text" id=";).4_4Gm;PIc_c]Gy3[."><field name="TEXT">The LED turn off</field></block></value></block></next></block></statement></block></next></block></statement></block></xml>